,link,likes,comments,tags
0,https://cdn.pixabay.com/photo/2022/03/06/05/30/clouds-7050884__480.jpg,196,55 ,"Tags - Clouds, Sky, Atmosphere, Blue Sky"
1,https://cdn.pixabay.com/photo/2022/04/07/11/45/bird-7117346__340.jpg,76,20 ,"Tags - Bird, Ornithology, Hummingbird"
2,https://cdn.pixabay.com/photo/2022/02/28/15/28/sea-7039471__340.jpg,282,106 ,"Tags - Sea, Rainbow, Rainfall, Subtropical"
3,https://cdn.pixabay.com/photo/2022/04/04/02/52/cherry-blossoms-7110279__340.jpg,42,11 ,"Tags - Cherry Blossoms, Road, Japan, Sakura"
4,https://cdn.pixabay.com/photo/2022/04/09/18/06/cape-marguerite-7121992__340.jpg,39,15 ,"Tags - Cape Marguerite, Flower, Plant"
5,https://cdn.pixabay.com/photo/2021/11/13/23/06/tree-6792528__340.jpg,522,108 ,Tags - Relaxing Rest Under The Tree
6,https://cdn.pixabay.com/photo/2022/04/07/02/56/cottontail-rabbit-7116707__340.jpg,51,10 ,"Tags - Cottontail Rabbit, Wild Rabbit, Grass"
7,https://cdn.pixabay.com/photo/2022/03/19/21/11/crocus-7079550__340.jpg,135,44 ,"Tags - Crocus, Flowers, Spring, Plant"
8,https://cdn.pixabay.com/photo/2022/04/09/17/30/coffee-7121939__340.jpg,26,5 ,"Tags - Coffee, Caf√©, Vacation, Drink, Table"
9,https://cdn.pixabay.com/photo/2022/03/25/19/24/waterfall-7091641__340.jpg,96,21 ,"Tags - Waterfall, Fall, Epic, Nature, Light"
10,https://cdn.pixabay.com/photo/2021/08/25/20/42/field-6574455__340.jpg,807,131 ,"Tags - Field, Morning, Sunrise, Dawn, Nature"
11,https://cdn.pixabay.com/photo/2022/04/04/18/03/bird-7111988__340.jpg,69,19 ,"Tags - Bird, Robin, Birdwatching, Animal"
12,https://cdn.pixabay.com/photo/2022/04/04/07/58/seedlings-7110591__340.jpg,42,9 ,"Tags - Seedlings, Soil, Spring Flowers, Bloom"
13,https://cdn.pixabay.com/photo/2022/03/23/21/27/road-7087957__340.jpg,53,14 ,"Tags - Road, Highway, Countryside, Hills"
14,https://cdn.pixabay.com/photo/2022/03/27/15/03/cityscape-7095358__340.jpg,45,13 ,"Tags - Cityscape, Monochrome, Bridge, City"
15,https://cdn.pixabay.com/photo/2022/03/25/17/54/sakura-7091532__340.jpg,70,12 ,"Tags - Sakura, Cherry Blossoms, Spring, Water"
16,https://cdn.pixabay.com/photo/2022/04/01/19/03/background-7105471__480.jpg,5,2 ,"Tags - Background, Easter, Eggs, Template, Art"
17,https://cdn.pixabay.com/photo/2022/01/31/12/46/bird-6983434__340.jpg,171,53 ,"Tags - Bird, Indian Chat, Ornithology, Species"
18,https://cdn.pixabay.com/photo/2022/01/18/16/49/town-6947538__340.jpg,109,15 ,"Tags - Town, Night, Winter, Village, Season"
19,https://cdn.pixabay.com/photo/2022/04/09/17/42/flower-7121955__340.jpg,55,36 ,"Tags - Flower, Viola, Pansy, Blossom, Bloom"
20,https://cdn.pixabay.com/photo/2021/08/30/21/29/port-6587129__340.jpg,276,49 ,"Tags - Port, Lake, Architecture, Vacations"
21,https://cdn.pixabay.com/photo/2022/03/16/02/03/sunflowers-7071449__340.jpg,54,21 ,"Tags - Sunflowers, Flowers, Plant"
22,https://cdn.pixabay.com/photo/2022/03/28/18/41/coffee-7098126__340.jpg,40,10 ,"Tags - Coffee, Spring, Flowers, Morning"
23,https://cdn.pixabay.com/photo/2022/02/12/06/21/roys-peak-7008528__340.jpg,69,19 ,"Tags - Roys Peak, Wanaka, Lake, Mountains"
24,https://cdn.pixabay.com/photo/2021/11/21/21/14/mountain-6815304__340.jpg,197,0 ,"Tags - Thank you, everyone. Thank you for many downloads and likes."
25,https://cdn.pixabay.com/photo/2021/08/22/15/48/nature-6565499__340.jpg,272,150 ,"Tags - Nature, Beach, Outdoors, Exploration"
26,https://cdn.pixabay.com/photo/2022/03/03/11/18/nature-7045125__340.jpg,48,11 ,Tags - The Danish West Coast of Jutland. Shot during sunset.
27,https://cdn.pixabay.com/photo/2022/03/16/21/01/gentoo-penguin-7073391__340.jpg,93,22 ,"Tags - Gentoo Penguin, Penguin, Bird, Animal"
28,https://cdn.pixabay.com/photo/2021/11/26/20/45/lantern-6826698__340.jpg,243,31 ,"Tags - Lantern, Sea, Heaven, Beach, Water, Tree"
29,https://cdn.pixabay.com/photo/2022/04/03/05/03/easter-7108066__340.jpg,17,10 ,"Tags - Easter, Spring, Easter Bunny"
30,https://cdn.pixabay.com/photo/2018/01/14/23/12/nature-3082832__340.jpg,3098,495 ,Tags - green trees on brown rock formation on lake during daytime
31,https://cdn.pixabay.com/photo/2022/02/27/19/46/tourist-attraction-7037967__340.jpg,83,21 ,"Tags - Tourist Attraction, Eiffel Tower, Travel"
32,https://cdn.pixabay.com/photo/2022/04/07/22/23/menhir-7118382__480.jpg,64,49 ,"Tags - Menhir, Stones, Clouds, Standing Stones"
33,https://cdn.pixabay.com/photo/2022/01/13/18/05/road-6935773__340.jpg,133,24 ,"Tags - Road, Trees, Winter, Frost, Snow, Path"
34,https://cdn.pixabay.com/photo/2022/04/10/07/03/bird-7122753__340.jpg,28,20 ,"Tags - Bird, Woodpecker"
35,https://cdn.pixabay.com/photo/2021/11/25/19/50/tape-6824489__340.jpg,134,20 ,"Tags - Tape, Cassette, Music, Retro, Classic"
36,https://cdn.pixabay.com/photo/2022/01/10/15/29/wind-mills-6928590__340.jpg,144,101 ,"Tags - Wind Mills, Energy, Clouds, Power"
37,https://cdn.pixabay.com/photo/2022/02/15/07/27/travel-7014427__340.jpg,70,19 ,"Tags - Travel, Tourism, Square, Tartini, Piran"
38,https://cdn.pixabay.com/photo/2022/04/11/04/33/easter-eggs-7124718__340.jpg,29,0 ,"Tags - Easter Eggs, Colored Eggs, Nest, Eggs"
39,https://cdn.pixabay.com/photo/2022/02/07/22/27/winter-7000429__340.jpg,111,24 ,"Tags - Winter, Season, Nature, Outdoors, Travel"
40,https://cdn.pixabay.com/photo/2022/04/11/09/40/glacier-7125386__340.jpg,36,27 ,"Tags - Glacier, Dying Glaciers, Melting Glacier"
41,https://cdn.pixabay.com/photo/2021/11/01/21/31/forest-6761846__340.jpg,135,22 ,"Tags - Forest, Jungle, Tropical, Green, Nature"
42,https://cdn.pixabay.com/photo/2022/02/05/08/13/tulip-6994245__340.jpg,92,35 ,"Tags - Tulip, Flower, Bloom, Blossom, Petals"
43,https://cdn.pixabay.com/photo/2022/04/07/13/06/flowers-7117461__340.jpg,62,0 ,"Tags - Flowers, Pink Flowers, Petals"
44,https://cdn.pixabay.com/photo/2022/02/22/03/22/passiflora-7027917__340.jpg,97,66 ,"Tags - Passiflora, Passion Flower, Flower"
45,https://cdn.pixabay.com/photo/2021/11/02/21/57/prayer-6764197__340.jpg,175,57 ,"Tags - Prayer, Faith, Religion, Hope, Blessing"
46,https://cdn.pixabay.com/photo/2022/04/09/10/13/galaxy-7121195__340.jpg,45,40 ,"Tags - Galaxy, Space, Universe, Star, Cosmos"
47,https://cdn.pixabay.com/photo/2022/03/31/09/25/dragonfly-7102558__480.jpg,19,3 ,"Tags - Dragonfly, Nature, Insect, Macro"
